<?xml version="1.0" encoding="UTF-8" standalone="no"?>
<window xmlns="http://jmix.io/schema/ui/window"
        caption="msg://carEdit.caption"
        focusComponent="form">
    <data>
        <instance id="carDc"
                  class="com.sample.carmarket.entity.Car">
            <fetchPlan extends="_base">
                <property name="model" fetchPlan="_base">
                    <property name="manufacturer" fetchPlan="_base"/>
                </property>
            </fetchPlan>
            <loader/>
        </instance>
    </data>
    <facets>
        <dataLoadCoordinator auto="true"/>
        <screenSettings id="settingsFacet" auto="true"/>
    </facets>
    <actions>
        <action id="windowCommitAndClose" caption="msg:///actions.Ok"
                icon="EDITOR_OK"
                primary="true"
                shortcut="${COMMIT_SHORTCUT}"/>
        <action id="windowClose"
                caption="msg:///actions.Close"
                icon="EDITOR_CANCEL"/>
    </actions>
    <dialogMode height="600"
                width="800"/>
    <layout spacing="true" expand="editActions">
        <form id="form" dataContainer="carDc">
            <column width="350px">
                <textField id="registrationNumberField" property="registrationNumber"/>
                <entityPicker id="modelField" property="model">
                    <actions>
                        <action id="entityLookup" type="entity_lookup"/>
                        <action id="entityClear" type="entity_clear"/>
                    </actions>
                </entityPicker>
                <textField id="productionYearField" property="productionYear"/>
                <comboBox id="statusField" property="status"/>
                <dateField id="dateOfSaleField" property="dateOfSale"/>
            </column>
        </form>
        <hbox id="editActions" spacing="true">
            <button id="commitAndCloseBtn" action="windowCommitAndClose"/>
            <button id="closeBtn" action="windowClose"/>
        </hbox>
    </layout>
</window>
