<?xml version="1.0" encoding="UTF-8" standalone="no"?>
<window xmlns="http://jmix.io/schema/ui/window"
        xmlns:c="http://jmix.io/schema/ui/jpql-condition"
        caption="msg://carBrowse.caption"
        focusComponent="carsTable">
    <data readOnly="true">
        <collection id="carsDc"
                    class="com.sample.carmarket.entity.Car">
            <fetchPlan extends="_base">
                <property name="model" fetchPlan="_base"/>
            </fetchPlan>
            <loader id="carsDl">
                <query>
                    <![CDATA[select e from Car e]]>
                </query>
            </loader>
        </collection>
    </data>
    <facets>
        <dataLoadCoordinator auto="true"/>
        <screenSettings id="settingsFacet" auto="true"/>
    </facets>
    <actions>
        <action id="lookupSelectAction"
                caption="msg:///actions.Select"
                icon="LOOKUP_OK"
                primary="true"
                shortcut="${COMMIT_SHORTCUT}"/>
        <action id="lookupCancelAction"
                caption="msg:///actions.Cancel"
                icon="LOOKUP_CANCEL"/>
    </actions>
    <dialogMode height="600"
                width="800"/>
    <layout expand="carsTable" spacing="true">
        <filter id="filter"
                dataLoader="carsDl">
            <properties include=".*"/>
        </filter>
        <groupTable id="carsTable"
                    width="100%"
                    dataContainer="carsDc">
            <actions>
                <action id="create" type="create"/>
                <action id="edit" type="edit"/>
                <action id="remove" type="remove"/>
                <action id="markAsSold"
                        type="itemTracking"
                        caption="msg://markAsSold"
                        icon="DOLLAR"/>
            </actions>
            <columns>
                <column id="registrationNumber"/>
                <column id="model"/>
                <column id="productionYear"/>
                <column id="status"/>
                <column id="dateOfSale"/>
            </columns>
            <simplePagination/>
            <buttonsPanel id="buttonsPanel"
                          alwaysVisible="true">
                <button id="createBtn" action="carsTable.create"/>
                <button id="editBtn" action="carsTable.edit"/>
                <button id="removeBtn" action="carsTable.remove"/>
                <button id="markAsSoldBtn" action="carsTable.markAsSold"/>
            </buttonsPanel>
        </groupTable>
        <hbox id="lookupActions" spacing="true" visible="false">
            <button action="lookupSelectAction"/>
            <button action="lookupCancelAction"/>
        </hbox>
    </layout>
</window>
