<?xml version="1.0" encoding="UTF-8"?>
<databaseChangeLog
        xmlns="http://www.liquibase.org/xml/ns/dbchangelog"
        xmlns:xsi="http://www.w3.org/2001/XMLSchema-instance"
        xsi:schemaLocation="http://www.liquibase.org/xml/ns/dbchangelog
                      http://www.liquibase.org/xml/ns/dbchangelog/dbchangelog-4.11.xsd"
        objectQuotingStrategy="QUOTE_ONLY_RESERVED_WORDS">
    <changeSet id="1" author="homework-carmarket">
        <createTable tableName="MANUFACTURER">
            <column name="ID" type="UUID">
                <constraints nullable="false" primaryKey="true" primaryKeyName="PK_MANUFACTURER"/>
            </column>
            <column name="NAME" type="VARCHAR(255)">
                <constraints nullable="false"/>
            </column>
            <column name="COUNTRY" type="VARCHAR(255)"/>
        </createTable>
    </changeSet>
    <changeSet id="2" author="homework-carmarket">
        <createTable tableName="MODEL">
            <column name="ID" type="UUID">
                <constraints nullable="false" primaryKey="true" primaryKeyName="PK_MODEL"/>
            </column>
            <column name="NAME" type="VARCHAR(255)">
                <constraints nullable="false"/>
            </column>
            <column name="MANUFACTURER_ID" type="UUID">
                <constraints nullable="false"/>
            </column>
            <column name="ENGINE_TYPE" type="VARCHAR(255)">
                <constraints nullable="false"/>
            </column>
        </createTable>
    </changeSet>
    <changeSet id="3" author="homework-carmarket">
        <createIndex indexName="IDX_MANUFACTURER_UNQ_NAME" tableName="MANUFACTURER" unique="true">
            <column name="NAME"/>
        </createIndex>
    </changeSet>
    <changeSet id="4" author="homework-carmarket">
        <createIndex indexName="IDX_MODEL_MANUFACTURER" tableName="MODEL">
            <column name="MANUFACTURER_ID"/>
        </createIndex>

        <addForeignKeyConstraint baseColumnNames="MANUFACTURER_ID" baseTableName="MODEL"
                                 constraintName="FK_MODEL_ON_MANUFACTURER" referencedColumnNames="ID"
                                 referencedTableName="MANUFACTURER"/>
    </changeSet>
</databaseChangeLog>