<?xml version="1.0" encoding="UTF-8"?>
<databaseChangeLog
        xmlns="http://www.liquibase.org/xml/ns/dbchangelog"
        xmlns:xsi="http://www.w3.org/2001/XMLSchema-instance"
        xsi:schemaLocation="http://www.liquibase.org/xml/ns/dbchangelog
                      http://www.liquibase.org/xml/ns/dbchangelog/dbchangelog-4.11.xsd"
        objectQuotingStrategy="QUOTE_ONLY_RESERVED_WORDS">
    <changeSet id="1" author="jmix">
        <insert tableName="MANUFACTURER">
            <column name="ID">acc7f71e-f837-4712-9218-7cde2bf75c21</column>
            <column name="NAME">Toyota</column>
            <column name="COUNTRY">Japan</column>
        </insert>
        <insert tableName="MANUFACTURER">
            <column name="ID">8f69b456-02e3-4ef3-b772-4cc7b74d8b86</column>
            <column name="NAME">Tesla</column>
            <column name="COUNTRY">USA</column>
        </insert>
        <insert tableName="MANUFACTURER">
            <column name="ID">51acaec2-5272-4958-8740-a25d88fea4ab</column>
            <column name="NAME">Volkswagen</column>
            <column name="COUNTRY">Germany</column>
        </insert>
        <insert tableName="MANUFACTURER">
            <column name="ID">f94366c2-8942-4a14-aed9-a574fdc56f39</column>
            <column name="NAME">Nissan</column>
            <column name="COUNTRY">Japan</column>
        </insert>
    </changeSet>
    <changeSet id="2" author="jmix">
        <insert tableName="MODEL">
            <column name="ID">d9f9136f-21de-41e0-bed9-8a16176d9cd8</column>
            <column name="NAME">Camry</column>
            <column name="MANUFACTURER_ID">acc7f71e-f837-4712-9218-7cde2bf75c21</column>
            <column name="ENGINE_TYPE">G</column>
        </insert>
        <insert tableName="MODEL">
            <column name="ID">3ccfc224-1165-4b61-96d7-53c7cd4ba785</column>
            <column name="NAME">Patrol</column>
            <column name="MANUFACTURER_ID">f94366c2-8942-4a14-aed9-a574fdc56f39</column>
            <column name="ENGINE_TYPE">G</column>
        </insert>
        <insert tableName="MODEL">
            <column name="ID">e471e058-bd6f-40c0-8644-bbc722531abb</column>
            <column name="NAME">Model X</column>
            <column name="MANUFACTURER_ID">8f69b456-02e3-4ef3-b772-4cc7b74d8b86</column>
            <column name="ENGINE_TYPE">E</column>
        </insert>
        <insert tableName="MODEL">
            <column name="ID">98f3dac4-4c88-4dc1-8b1b-5ddac9119b0f</column>
            <column name="NAME">Tiguan</column>
            <column name="MANUFACTURER_ID">51acaec2-5272-4958-8740-a25d88fea4ab</column>
            <column name="ENGINE_TYPE">G</column>
        </insert>
        <insert tableName="MODEL">
            <column name="ID">05ca1353-9d24-4e21-8089-8b0f5f3aa655</column>
            <column name="NAME">Leaf</column>
            <column name="MANUFACTURER_ID">f94366c2-8942-4a14-aed9-a574fdc56f39</column>
            <column name="ENGINE_TYPE">E</column>
        </insert>
    </changeSet>
</databaseChangeLog>