<window xmlns="http://jmix.io/schema/ui/window"
        xmlns:c="http://jmix.io/schema/ui/jpql-condition"
        caption="msg://manufacturerBrowse.caption"
        focusComponent="table">
    <data>
        <collection id="manufacturersDc"
                    class="com.sample.carmarket.entity.Manufacturer">
            <fetchPlan extends="_base"/>
            <loader id="manufacturersDl">
                <query>
                    <![CDATA[select e from Manufacturer e]]>
                </query>
            </loader>
        </collection>
        <instance id="manufacturerDc"
                  class="com.sample.carmarket.entity.Manufacturer">
            <fetchPlan extends="_base"/>
            <loader/>
        </instance>
    </data>
    <facets>
        <dataLoadCoordinator auto="true"/>
        <screenSettings id="settingsFacet" auto="true"/>
    </facets>
    <actions>
        <action id="save" icon="OK" caption="msg:///actions.Ok" shortcut="CTRL-ENTER"/>
        <action id="cancel" icon="CANCEL" caption="msg:///actions.Cancel" description="Esc"/>
    </actions>
    <dialogMode height="600" width="800"/>
    <layout>
        <split id="split" height="100%" orientation="horizontal" reversePosition="true" width="100%">
            <vbox id="lookupBox" expand="table" height="100%" margin="false,true,false,false" spacing="true">
                <table id="table"
                       width="100%"
                       dataContainer="manufacturersDc">
                    <actions>
                        <action id="create" type="create"/>
                        <action id="edit" type="edit"/>
                        <action id="remove" type="remove"/>
                        <action id="calculateCars"
                                caption="msg://calculateCars"
                                type="itemTracking"
                                icon="CALCULATOR"/>
                    </actions>
                    <columns>
                        <column id="name"/>
                        <column id="country"/>
                    </columns>
                    <simplePagination/>
                    <buttonsPanel id="buttonsPanel"
                                  alwaysVisible="true">
                        <button id="createBtn" action="table.create"/>
                        <button id="editBtn" action="table.edit"/>
                        <button id="removeBtn" action="table.remove"/>
                        <button id="calculateCarsBtn" action="table.calculateCars"/>
                    </buttonsPanel>
                </table>
                <hbox id="lookupActions" spacing="true" visible="false">
                    <button action="lookupSelectAction"/>
                    <button action="lookupCancelAction"/>
                </hbox>
            </vbox>
            <vbox id="editBox" height="100%" margin="false,false,false,true" expand="fieldGroupBox" spacing="true">
                <scrollBox id="fieldGroupBox">
                    <form id="form" dataContainer="manufacturerDc">
                        <column width="350px">
                            <textField id="nameField" property="name"/>
                            <textField id="countryField" property="country"/>
                        </column>
                    </form>
                </scrollBox>
                <hbox id="actionsPane" spacing="true" visible="false">
                    <button id="saveBtn" action="save"/>
                    <button id="cancelBtn" action="cancel"/>
                </hbox>
            </vbox>
        </split>
    </layout>
</window>
