<?xml version="1.0" encoding="UTF-8"?>
<databaseChangeLog
        xmlns="http://www.liquibase.org/xml/ns/dbchangelog"
        xmlns:xsi="http://www.w3.org/2001/XMLSchema-instance"
        xsi:schemaLocation="http://www.liquibase.org/xml/ns/dbchangelog
                      http://www.liquibase.org/xml/ns/dbchangelog/dbchangelog-4.11.xsd"
        objectQuotingStrategy="QUOTE_ONLY_RESERVED_WORDS">
    <changeSet id="1" author="homework-carmarket">
        <createTable tableName="CAR">
            <column name="ID" type="UUID">
                <constraints nullable="false" primaryKey="true" primaryKeyName="PK_CAR"/>
            </column>
            <column name="REGISTRATION_NUMBER" type="VARCHAR(255)">
                <constraints nullable="false"/>
            </column>
            <column name="MODEL_ID" type="UUID">
                <constraints nullable="false"/>
            </column>
            <column name="PRODUCTION_YEAR" type="INT"/>
            <column name="STATUS" type="VARCHAR(255)"/>
            <column name="DATE_OF_SALE" type="DATE"/>
        </createTable>
    </changeSet>
    <changeSet id="2" author="homework-carmarket">
        <createIndex indexName="IDX_CAR_MODEL" tableName="CAR">
            <column name="MODEL_ID"/>
        </createIndex>

        <addForeignKeyConstraint baseColumnNames="MODEL_ID" baseTableName="CAR" constraintName="FK_CAR_ON_MODEL"
                                 referencedColumnNames="ID" referencedTableName="MODEL"/>
    </changeSet>
    <changeSet id="3" author="homework-carmarket">
        <createIndex indexName="IDX_CAR_UNQ" tableName="CAR" unique="true">
            <column name="REGISTRATION_NUMBER"/>
        </createIndex>
    </changeSet>
</databaseChangeLog>